{
  "version": 2,
  "framework": "vite",
  "buildCommand": "npm run build",
  "outputDirectory": "dist",
  "installCommand": "npm install",
  "devCommand": "npm run dev",
  "functions": {
    "api/**/*.js": {
      "runtime": "nodejs18.x"
    }
  },
  "env": {
    "NODE_ENV": "production"
  },
  "build": {
    "env": {
      "NODE_ENV": "production"
    }
  },
  "headers": [
    {
      "source": "/api/(.*)",
      "headers": [
        {
          "key": "Access-Control-Allow-Origin",
          "value": "*"
        },
        {
          "key": "Access-Control-Allow-Methods",
          "value": "GET, POST, PUT, DELETE, OPTIONS"
        },
        {
          "key": "Access-Control-Allow-Headers",
          "value": "Content-Type, Authorization"
        }
      ]
    }
  ]
}

